/* Insert em Cores */
Insert into cores(id_cor, ds_cor) values(1,'Branco'),(2,'Azul'),(3,'Vermelho'),(4,'Preto');
Insert into cores(id_cor, ds_cor) values(5,'Verde');
Insert into cores(id_cor, ds_cor) values(6,'Prata');
Insert into cores(id_cor, ds_cor) values(7,'Cinza');

/* Insert em Marcas */
Insert into marcas(id_marca, ds_marca) values(100,'Fiat');
Insert into marcas(id_marca, ds_marca) values(200,'GM');
Insert into marcas(id_marca, ds_marca) values(300,'Ford');
Insert into marcas(id_marca, ds_marca) values(400,'Honda');
Insert into marcas(id_marca, ds_marca) values(500,'VW');
Insert into marcas(id_marca, ds_marca) values(600,'Corola');

/* Insert em Veiculos */
Insert into veiculos(id_renavam, id_marca, id_cor, ano_modelo, val_veiculo) values (11111, 100, 5, 2018, 12300.50);
Insert into veiculos(id_renavam, id_marca, id_cor, ano_modelo, val_veiculo) values (22222, 100, 1, 2022, 18430.00);
Insert into veiculos(id_renavam, id_marca, id_cor, ano_modelo, val_veiculo) values (33333, 200, 5, 2015, 9100.00);
Insert into veiculos(id_renavam, id_marca, id_cor, ano_modelo, val_veiculo) values (44444, 300, 5, 2022, 34300.80);
Insert into veiculos(id_renavam, id_marca, id_cor, ano_modelo, val_veiculo) values (55555, 300, 2, 2022, 12300.50);
Insert into veiculos(id_renavam, id_marca, id_cor, ano_modelo, val_veiculo) values (66666, 300, 3, 2014, 17850.50);
Insert into veiculos(id_renavam, id_marca, id_cor, ano_modelo, val_veiculo) values (77777, 400, 4, 2018, 15633.00);
Insert into veiculos(id_renavam, id_marca, id_cor, ano_modelo, val_veiculo) values (88888, 400, 1, 2020, 12000.00);
Insert into veiculos(id_renavam, id_marca, id_cor, ano_modelo, val_veiculo) values (99999, 500, 1, 2021, 20000.50);
Insert into veiculos(id_renavam, id_marca, id_cor, ano_modelo, val_veiculo) values (10101, 500, 2, 2000, 54670.00);

